{"train_loss":1.2973477840423584,"train_accuracy":1,"val_loss":0.2622658809026082,"val_accuracy":0.8095238095238095,"_wandb":{"runtime":144},"_timestamp":1.73048122110357e+09,"_runtime":144.231172749,"_step":314}