{"_step":419,"train_accuracy":1,"val_loss":0.22856739589146205,"val_accuracy":0.8095238095238095,"_wandb":{"runtime":212},"train_loss":0.3333987891674042,"_timestamp":1.730482034366434e+09,"_runtime":212.617871083}