{"val_loss":0.26391437507811044,"val_accuracy":0.8095238095238095,"_wandb":{"runtime":139},"train_loss":0.6562694907188416,"_timestamp":1.730481641168973e+09,"_runtime":139.217388249,"_step":314,"train_accuracy":1}