{"val_accuracy":0.9523809523809523,"_wandb":{"runtime":139},"_runtime":138.479281624,"_step":314,"train_loss":0.7098539471626282,"_timestamp":1.7304313358035e+09,"train_accuracy":1,"val_loss":0.189935116540818}