{"_wandb":{"runtime":153},"_timestamp":1.7304309195166452e+09,"_runtime":152.146634335,"_step":329,"train_loss":1.2636522054672241,"train_accuracy":0.3,"val_loss":0.19927701212110974,"val_accuracy":0.8571428571428571}