{"_wandb":{"runtime":235},"train_loss":1.2775282859802246,"_timestamp":1.7304331294340281e+09,"_runtime":234.911555043,"_step":299,"train_accuracy":1,"val_loss":0.13181411027908324,"val_accuracy":0.9}